Review,Type,Date,Overall Rating,Energy Level,Stress Level,Top 3 Wins,Key Challenges,Themes,Family Wins,Trading Performance,Content/Influence Wins,AI/Tech Progress,Coaching Insights,Gratitude,Tomorrow/Next Period Focus,Areas for Improvement,Mood/Feelings,Action Items,Related Resources
"Daily Review August 23, 2025",Daily,"August 23, 2025",✅ Good,Medium,Medium,"1. Completed project proposal ahead of schedule
2. Had productive 1:1 with team lead
3. Maintained workout routine despite busy day","Time management between meetings, slight technical issues with new software implementation","Career, Mindfulness, Productivity","Quick but meaningful video call with parents, helped nephew with math homework remotely","Portfolio up 1.2%, good decision to hold tech positions despite market fluctuation","LinkedIn post about AI ethics reached 500+ engagements, received invitation to speak on industry podcast","Completed 2 modules of advanced ML course, successfully implemented GPT integration for client project","Noticed pattern of clients struggling with prioritization, developed new framework to address this","1. Sunny weather after a week of rain
2. Supportive message from an old colleague
3. Finding the perfect solution to a coding problem","Complete documentation for client handoff, prepare for quarterly planning session, start new learning module","Need to set better boundaries around meeting times, improve hydration throughout day",Generally positive but slightly anxious about upcoming deadlines,"1. Block 2 hours for deep work tomorrow
2. Send follow-up emails to potential clients
3. Schedule team retrospective",
Weekly Review Week 34,Weekly,"August 22, 2025",🔥 Excellent,High,Medium,"1. Closed major client deal worth $75K
2. Implemented new productivity system successfully
3. Achieved 5/5 fitness goals for the week","Team member absence created bottleneck, dealing with unexpected server outage, balancing multiple high-priority projects","Career, Personal Growth, Productivity, Relationships","Weekend trip with spouse, celebrated daughter's academic achievement, resolved long-standing issue with in-laws","Best week of the quarter: +3.8% overall, successful options strategy paid off, identified promising new sector for investment","YouTube tutorial hit 10K views, newsletter subscriber count passed 5,000, quoted in industry publication","Completed POC for new automation tool, successful API integration with third-party service, resolved complex data migration issue","Group workshop received excellent feedback, new framework resonating with executive clients, identified valuable pattern in leadership challenges","1. Amazing team that stepped up during challenges
2. Health and vitality to push through a demanding week
3. Support system that provides stability","Strategic planning for Q4, team alignment on priorities, personal focus on content creation pipeline","Meeting efficiency could be better, need more proactive communication with stakeholders, should delegate more routine tasks","Energized and confident, slight concern about sustaining momentum but overall positive outlook","1. Conduct team alignment session
2. Revise quarterly OKRs based on recent wins
3. Implement new client onboarding process
4. Schedule personal retreat day",
Monthly Review August 2025,Monthly,"August 20, 2025",📈 Okay,Medium,High,"1. Business revenue up 12% compared to last month
2. Established two strategic partnerships
3. Successfully launched new product feature","Unexpected staff turnover in key position, supply chain delays affected timeline, personal health issue mid-month slowed momentum","Career, Health & Wellness, Learning, Personal Growth, Relationships","Reconnected with distant relatives, established better work-home boundaries, quality time with children increased by 20%","Mixed results: equities performed well (+5.2%) but crypto investments down (-8.1%), overall portfolio slightly positive","Crossed 20K followers on main platform, guest appearances on 3 industry podcasts, content engagement metrics improving steadily","Completed migration to new data infrastructure, AI recommendation engine showing 18% better results, learned new programming framework","Recurring theme of change management challenges across multiple clients, developed new workshop to address this need","1. Resilience during unexpected challenges
2. Team members who stepped up during difficult periods
3. Personal growth through adversity this month","Hiring to replace key position, product roadmap refinement, personal health recovery plan, content strategy adjustment","Contingency planning needs strengthening, personal energy management during high-demand periods, delegation of administrative tasks","Cautiously optimistic despite challenges, some residual frustration about setbacks, pride in overcoming obstacles","1. Finalize Q4 strategic plan
2. Implement new team communication protocol
3. Review and optimize personal productivity system
4. Schedule quarterly health checkup",