Review,AI/Tech Progress,Action Items,Areas for Improvement,Coaching Insights,Content/Influence Wins,Date,Energy Level,Family Wins,Gratitude,Key Challenges,Mood/Feelings,Overall Rating,Related Resources,Stress Level,Themes,Tomorrow/Next Period Focus,Top 3 Wins,Trading Performance,Type
"Daily Review August 23, 2025","Completed 2 modules of advanced ML course, successfully implemented GPT integration for client project","1. Block 2 hours for deep work tomorrow
2. Send follow-up emails to potential clients
3. Schedule team retrospective","Need to set better boundaries around meeting times, improve hydration throughout day","Noticed pattern of clients struggling with prioritization, developed new framework to address this","LinkedIn post about AI ethics reached 500+ engagements, received invitation to speak on industry podcast","August 23, 2025",Medium,"Quick but meaningful video call with parents, helped nephew with math homework remotely","1. Sunny weather after a week of rain
2. Supportive message from an old colleague
3. Finding the perfect solution to a coding problem","Time management between meetings, slight technical issues with new software implementation",Generally positive but slightly anxious about upcoming deadlines,✅ Good,,Medium,"Career, Mindfulness, Productivity","Complete documentation for client handoff, prepare for quarterly planning session, start new learning module","1. Completed project proposal ahead of schedule
2. Had productive 1:1 with team lead
3. Maintained workout routine despite busy day","Portfolio up 1.2%, good decision to hold tech positions despite market fluctuation",Daily
Weekly Review Week 34,"Completed POC for new automation tool, successful API integration with third-party service, resolved complex data migration issue","1. Conduct team alignment session
2. Revise quarterly OKRs based on recent wins
3. Implement new client onboarding process
4. Schedule personal retreat day","Meeting efficiency could be better, need more proactive communication with stakeholders, should delegate more routine tasks","Group workshop received excellent feedback, new framework resonating with executive clients, identified valuable pattern in leadership challenges","YouTube tutorial hit 10K views, newsletter subscriber count passed 5,000, quoted in industry publication","August 22, 2025",High,"Weekend trip with spouse, celebrated daughter's academic achievement, resolved long-standing issue with in-laws","1. Amazing team that stepped up during challenges
2. Health and vitality to push through a demanding week
3. Support system that provides stability","Team member absence created bottleneck, dealing with unexpected server outage, balancing multiple high-priority projects","Energized and confident, slight concern about sustaining momentum but overall positive outlook",🔥 Excellent,,Medium,"Career, Personal Growth, Productivity, Relationships","Strategic planning for Q4, team alignment on priorities, personal focus on content creation pipeline","1. Closed major client deal worth $75K
2. Implemented new productivity system successfully
3. Achieved 5/5 fitness goals for the week","Best week of the quarter: +3.8% overall, successful options strategy paid off, identified promising new sector for investment",Weekly
Monthly Review August 2025,"Completed migration to new data infrastructure, AI recommendation engine showing 18% better results, learned new programming framework","1. Finalize Q4 strategic plan
2. Implement new team communication protocol
3. Review and optimize personal productivity system
4. Schedule quarterly health checkup","Contingency planning needs strengthening, personal energy management during high-demand periods, delegation of administrative tasks","Recurring theme of change management challenges across multiple clients, developed new workshop to address this need","Crossed 20K followers on main platform, guest appearances on 3 industry podcasts, content engagement metrics improving steadily","August 20, 2025",Medium,"Reconnected with distant relatives, established better work-home boundaries, quality time with children increased by 20%","1. Resilience during unexpected challenges
2. Team members who stepped up during difficult periods
3. Personal growth through adversity this month","Unexpected staff turnover in key position, supply chain delays affected timeline, personal health issue mid-month slowed momentum","Cautiously optimistic despite challenges, some residual frustration about setbacks, pride in overcoming obstacles",📈 Okay,,High,"Career, Health & Wellness, Learning, Personal Growth, Relationships","Hiring to replace key position, product roadmap refinement, personal health recovery plan, content strategy adjustment","1. Business revenue up 12% compared to last month
2. Established two strategic partnerships
3. Successfully launched new product feature","Mixed results: equities performed well (+5.2%) but crypto investments down (-8.1%), overall portfolio slightly positive",Monthly