Name,Created time,Progress,Progress statement,Total,⏰ Get up early,✍🏻 Journal,🏃🏻 Workout,📃 Reading,📈 Focused Work,🙏🏻 Gratitude & Self Love,🚶🏻‍♀️ Walking,🧘 Meditation,🧘🏻 Movement Practice,🪥 Floss
"@December 5, 2023","December 5, 2023 5:17 PM",1,9 more to go,1,No,No,No,No,No,No,No,Yes,No,No
"@December 5, 2023","December 5, 2023 5:26 PM",0,10 more to go,0,No,No,No,No,No,No,No,No,No,No
"@December 6, 2023","December 5, 2023 7:45 PM",0,10 more to go,0,No,No,No,No,No,No,No,No,No,No
"@December 7, 2023","December 6, 2023 6:39 PM",0,10 more to go,0,No,No,No,No,No,No,No,No,No,No
"@December 8, 2023","December 7, 2023 8:08 PM",0,10 more to go,0,No,No,No,No,No,No,No,No,No,No
"@December 9, 2023","December 8, 2023 8:46 PM",0,10 more to go,0,No,No,No,No,No,No,No,No,No,No
"@December 10, 2023","December 9, 2023 8:16 PM",0,10 more to go,0,No,No,No,No,No,No,No,No,No,No
"@December 11, 2023","December 10, 2023 7:19 PM",0,10 more to go,0,No,No,No,No,No,No,No,No,No,No
"@December 12, 2023","December 11, 2023 8:22 PM",0,10 more to go,0,No,No,No,No,No,No,No,No,No,No
"@December 13, 2023","December 12, 2023 6:35 PM",0,10 more to go,0,No,No,No,No,No,No,No,No,No,No
"@December 14, 2023","December 13, 2023 6:26 PM",0,10 more to go,0,No,No,No,No,No,No,No,No,No,No
"@December 15, 2023","December 14, 2023 6:24 PM",0,10 more to go,0,No,No,No,No,No,No,No,No,No,No
"@December 16, 2023","December 15, 2023 6:54 PM",0,10 more to go,0,No,No,No,No,No,No,No,No,No,No
"@December 17, 2023","December 16, 2023 7:20 PM",0,10 more to go,0,No,No,No,No,No,No,No,No,No,No
"@December 18, 2023","December 17, 2023 8:20 PM",0,10 more to go,0,No,No,No,No,No,No,No,No,No,No
"@December 19, 2023","December 18, 2023 7:38 PM",0,10 more to go,0,No,No,No,No,No,No,No,No,No,No
"@December 20, 2023","December 19, 2023 7:34 PM",0,10 more to go,0,No,No,No,No,No,No,No,No,No,No
"@December 21, 2023","December 20, 2023 8:52 PM",0,10 more to go,0,No,No,No,No,No,No,No,No,No,No
"@December 22, 2023","December 21, 2023 8:24 PM",0,10 more to go,0,No,No,No,No,No,No,No,No,No,No
"@December 23, 2023","December 22, 2023 6:18 PM",0,10 more to go,0,No,No,No,No,No,No,No,No,No,No
"@December 24, 2023","December 23, 2023 7:07 PM",0,10 more to go,0,No,No,No,No,No,No,No,No,No,No
"@December 25, 2023","December 24, 2023 7:25 PM",0,10 more to go,0,No,No,No,No,No,No,No,No,No,No
"@December 26, 2023","December 25, 2023 8:33 PM",0,10 more to go,0,No,No,No,No,No,No,No,No,No,No
"@December 27, 2023","December 26, 2023 6:17 PM",0,10 more to go,0,No,No,No,No,No,No,No,No,No,No
"@December 28, 2023","December 27, 2023 7:49 PM",0,10 more to go,0,No,No,No,No,No,No,No,No,No,No
"@December 29, 2023","December 28, 2023 8:22 PM",0,10 more to go,0,No,No,No,No,No,No,No,No,No,No
"@December 30, 2023","December 29, 2023 8:00 PM",0,10 more to go,0,No,No,No,No,No,No,No,No,No,No
"@December 31, 2023","December 30, 2023 6:09 PM",0,10 more to go,0,No,No,No,No,No,No,No,No,No,No
"@January 1, 2024","December 31, 2023 6:28 PM",0,10 more to go,0,No,No,No,No,No,No,No,No,No,No
"@January 2, 2024","January 1, 2024 8:47 PM",0,10 more to go,0,No,No,No,No,No,No,No,No,No,No
"@January 3, 2024","January 2, 2024 8:35 PM",0,10 more to go,0,No,No,No,No,No,No,No,No,No,No
"@January 4, 2024","January 3, 2024 6:16 PM",0,10 more to go,0,No,No,No,No,No,No,No,No,No,No
"@January 5, 2024","January 4, 2024 6:55 PM",0,10 more to go,0,No,No,No,No,No,No,No,No,No,No
"@January 6, 2024","January 5, 2024 7:46 PM",0,10 more to go,0,No,No,No,No,No,No,No,No,No,No
"@January 7, 2024","January 6, 2024 6:06 PM",0,10 more to go,0,No,No,No,No,No,No,No,No,No,No
"@January 8, 2024","January 7, 2024 8:07 PM",0,10 more to go,0,No,No,No,No,No,No,No,No,No,No
"@January 9, 2024","January 8, 2024 7:59 PM",0,10 more to go,0,No,No,No,No,No,No,No,No,No,No
"@January 10, 2024","January 9, 2024 6:08 PM",0,10 more to go,0,No,No,No,No,No,No,No,No,No,No
"@January 11, 2024","January 10, 2024 7:59 PM",0,10 more to go,0,No,No,No,No,No,No,No,No,No,No
"@January 12, 2024","January 11, 2024 6:07 PM",0,10 more to go,0,No,No,No,No,No,No,No,No,No,No
"@January 13, 2024","January 12, 2024 8:53 PM",0,10 more to go,0,No,No,No,No,No,No,No,No,No,No
"@January 14, 2024","January 13, 2024 6:27 PM",0,10 more to go,0,No,No,No,No,No,No,No,No,No,No
"@January 15, 2024","January 14, 2024 6:13 PM",0,10 more to go,0,No,No,No,No,No,No,No,No,No,No
"@January 16, 2024","January 15, 2024 6:36 PM",0,10 more to go,0,No,No,No,No,No,No,No,No,No,No
"@January 17, 2024","January 16, 2024 6:09 PM",0,10 more to go,0,No,No,No,No,No,No,No,No,No,No
"@January 18, 2024","January 17, 2024 6:13 PM",0,10 more to go,0,No,No,No,No,No,No,No,No,No,No
"@January 19, 2024","January 18, 2024 8:39 PM",0,10 more to go,0,No,No,No,No,No,No,No,No,No,No
"@January 20, 2024","January 19, 2024 6:37 PM",0,10 more to go,0,No,No,No,No,No,No,No,No,No,No
"@January 21, 2024","January 20, 2024 6:21 PM",0,10 more to go,0,No,No,No,No,No,No,No,No,No,No
"@January 22, 2024","January 21, 2024 6:34 PM",0,10 more to go,0,No,No,No,No,No,No,No,No,No,No
"@January 23, 2024","January 22, 2024 8:08 PM",0,10 more to go,0,No,No,No,No,No,No,No,No,No,No
"@January 24, 2024","January 23, 2024 7:25 PM",0,10 more to go,0,No,No,No,No,No,No,No,No,No,No
"@January 25, 2024","January 24, 2024 8:50 PM",0,10 more to go,0,No,No,No,No,No,No,No,No,No,No
"@January 26, 2024","January 25, 2024 7:49 PM",0,10 more to go,0,No,No,No,No,No,No,No,No,No,No
"@January 27, 2024","January 26, 2024 6:54 PM",0,10 more to go,0,No,No,No,No,No,No,No,No,No,No
"@January 28, 2024","January 27, 2024 8:49 PM",0,10 more to go,0,No,No,No,No,No,No,No,No,No,No
"@January 29, 2024","January 28, 2024 6:16 PM",0,10 more to go,0,No,No,No,No,No,No,No,No,No,No
"@January 30, 2024","January 29, 2024 7:27 PM",0,10 more to go,0,No,No,No,No,No,No,No,No,No,No
"@January 31, 2024","January 30, 2024 6:48 PM",0,10 more to go,0,No,No,No,No,No,No,No,No,No,No
"@February 1, 2024","January 31, 2024 6:23 PM",0,10 more to go,0,No,No,No,No,No,No,No,No,No,No
"@February 2, 2024","February 1, 2024 8:29 PM",0,10 more to go,0,No,No,No,No,No,No,No,No,No,No
"@February 3, 2024","February 2, 2024 7:59 PM",0,10 more to go,0,No,No,No,No,No,No,No,No,No,No
"@February 4, 2024","February 3, 2024 7:36 PM",0,10 more to go,0,No,No,No,No,No,No,No,No,No,No
"@February 5, 2024","February 4, 2024 7:28 PM",0,10 more to go,0,No,No,No,No,No,No,No,No,No,No
"@February 6, 2024","February 5, 2024 8:05 PM",0,10 more to go,0,No,No,No,No,No,No,No,No,No,No
"@February 7, 2024","February 6, 2024 8:22 PM",0,10 more to go,0,No,No,No,No,No,No,No,No,No,No
"@February 8, 2024","February 7, 2024 8:22 PM",0,10 more to go,0,No,No,No,No,No,No,No,No,No,No
"@February 9, 2024","February 8, 2024 7:41 PM",0,10 more to go,0,No,No,No,No,No,No,No,No,No,No
"@February 10, 2024","February 9, 2024 8:12 PM",0,10 more to go,0,No,No,No,No,No,No,No,No,No,No
"@February 11, 2024","February 10, 2024 8:34 PM",0,10 more to go,0,No,No,No,No,No,No,No,No,No,No
"@February 12, 2024","February 11, 2024 7:58 PM",0,10 more to go,0,No,No,No,No,No,No,No,No,No,No
"@February 13, 2024","February 12, 2024 7:43 PM",0,10 more to go,0,No,No,No,No,No,No,No,No,No,No
"@February 14, 2024","February 13, 2024 7:46 PM",0,10 more to go,0,No,No,No,No,No,No,No,No,No,No
"@February 15, 2024","February 14, 2024 8:16 PM",0,10 more to go,0,No,No,No,No,No,No,No,No,No,No
"@February 16, 2024","February 15, 2024 6:24 PM",0,10 more to go,0,No,No,No,No,No,No,No,No,No,No
"@February 17, 2024","February 16, 2024 6:18 PM",0,10 more to go,0,No,No,No,No,No,No,No,No,No,No
"@February 18, 2024","February 17, 2024 8:29 PM",0,10 more to go,0,No,No,No,No,No,No,No,No,No,No
"@February 19, 2024","February 18, 2024 7:00 PM",0,10 more to go,0,No,No,No,No,No,No,No,No,No,No
"@February 20, 2024","February 19, 2024 8:30 PM",0,10 more to go,0,No,No,No,No,No,No,No,No,No,No
"@February 21, 2024","February 20, 2024 8:58 PM",0,10 more to go,0,No,No,No,No,No,No,No,No,No,No
"@February 22, 2024","February 21, 2024 6:55 PM",0,10 more to go,0,No,No,No,No,No,No,No,No,No,No
"@February 23, 2024","February 22, 2024 8:42 PM",0,10 more to go,0,No,No,No,No,No,No,No,No,No,No
"@February 24, 2024","February 23, 2024 6:07 PM",0,10 more to go,0,No,No,No,No,No,No,No,No,No,No
"@February 25, 2024","February 24, 2024 6:30 PM",0,10 more to go,0,No,No,No,No,No,No,No,No,No,No
"@February 26, 2024","February 25, 2024 7:28 PM",0,10 more to go,0,No,No,No,No,No,No,No,No,No,No
"@February 27, 2024","February 26, 2024 8:42 PM",0,10 more to go,0,No,No,No,No,No,No,No,No,No,No
"@February 28, 2024","February 27, 2024 6:24 PM",0,10 more to go,0,No,No,No,No,No,No,No,No,No,No
"@February 29, 2024","February 28, 2024 8:49 PM",0,10 more to go,0,No,No,No,No,No,No,No,No,No,No
"@March 1, 2024","February 29, 2024 6:42 PM",0,10 more to go,0,No,No,No,No,No,No,No,No,No,No
"@March 2, 2024","March 1, 2024 7:39 PM",0,10 more to go,0,No,No,No,No,No,No,No,No,No,No
"@March 3, 2024","March 2, 2024 7:25 PM",0,10 more to go,0,No,No,No,No,No,No,No,No,No,No
"@March 4, 2024","March 3, 2024 6:38 PM",0,10 more to go,0,No,No,No,No,No,No,No,No,No,No
"@March 5, 2024","March 4, 2024 7:09 PM",0,10 more to go,0,No,No,No,No,No,No,No,No,No,No
"@March 6, 2024","March 5, 2024 6:25 PM",0,10 more to go,0,No,No,No,No,No,No,No,No,No,No
"@March 7, 2024","March 6, 2024 6:33 PM",0,10 more to go,0,No,No,No,No,No,No,No,No,No,No
"@March 8, 2024","March 7, 2024 8:30 PM",0,10 more to go,0,No,No,No,No,No,No,No,No,No,No
"@March 9, 2024","March 8, 2024 7:33 PM",0,10 more to go,0,No,No,No,No,No,No,No,No,No,No
"@March 10, 2024","March 9, 2024 8:40 PM",0,10 more to go,0,No,No,No,No,No,No,No,No,No,No
"@March 11, 2024","March 10, 2024 7:13 PM",0,10 more to go,0,No,No,No,No,No,No,No,No,No,No
"@March 12, 2024","March 11, 2024 6:40 PM",0,10 more to go,0,No,No,No,No,No,No,No,No,No,No
"@March 13, 2024","March 12, 2024 8:09 PM",0,10 more to go,0,No,No,No,No,No,No,No,No,No,No
"@March 14, 2024","March 13, 2024 7:17 PM",0,10 more to go,0,No,No,No,No,No,No,No,No,No,No
"@March 15, 2024","March 14, 2024 8:18 PM",0,10 more to go,0,No,No,No,No,No,No,No,No,No,No
"@March 16, 2024","March 15, 2024 8:58 PM",0,10 more to go,0,No,No,No,No,No,No,No,No,No,No
"@March 17, 2024","March 16, 2024 6:17 PM",0,10 more to go,0,No,No,No,No,No,No,No,No,No,No
"@March 18, 2024","March 17, 2024 6:53 PM",0,10 more to go,0,No,No,No,No,No,No,No,No,No,No
"@March 19, 2024","March 18, 2024 6:04 PM",0,10 more to go,0,No,No,No,No,No,No,No,No,No,No
"@March 20, 2024","March 19, 2024 6:10 PM",0,10 more to go,0,No,No,No,No,No,No,No,No,No,No
"@March 21, 2024","March 20, 2024 6:04 PM",0,10 more to go,0,No,No,No,No,No,No,No,No,No,No
"@March 22, 2024","March 21, 2024 6:03 PM",0,10 more to go,0,No,No,No,No,No,No,No,No,No,No
"@March 23, 2024","March 22, 2024 6:00 PM",0,10 more to go,0,No,No,No,No,No,No,No,No,No,No
"@April 12, 2025","April 11, 2025 5:08 PM",0,10 more to go,0,No,No,No,No,No,No,No,No,No,No
"@April 13, 2025","April 12, 2025 5:08 PM",0,10 more to go,0,No,No,No,No,No,No,No,No,No,No
"@April 14, 2025","April 13, 2025 5:11 PM",0,10 more to go,0,No,No,No,No,No,No,No,No,No,No
"@April 15, 2025","April 14, 2025 5:10 PM",0,10 more to go,0,No,No,No,No,No,No,No,No,No,No
"@April 16, 2025","April 15, 2025 5:08 PM",0,10 more to go,0,No,No,No,No,No,No,No,No,No,No
"@April 17, 2025","April 16, 2025 5:00 PM",0,10 more to go,0,No,No,No,No,No,No,No,No,No,No
"@April 18, 2025","April 17, 2025 5:02 PM",0,10 more to go,0,No,No,No,No,No,No,No,No,No,No
"@April 19, 2025","April 18, 2025 5:01 PM",0,10 more to go,0,No,No,No,No,No,No,No,No,No,No
"@April 20, 2025","April 19, 2025 5:01 PM",0,10 more to go,0,No,No,No,No,No,No,No,No,No,No
"@April 21, 2025","April 20, 2025 5:01 PM",0,10 more to go,0,No,No,No,No,No,No,No,No,No,No
"@April 22, 2025","April 21, 2025 5:04 PM",0,10 more to go,0,No,No,No,No,No,No,No,No,No,No
"@April 23, 2025","April 22, 2025 5:10 PM",0,10 more to go,0,No,No,No,No,No,No,No,No,No,No
"@April 24, 2025","April 23, 2025 5:08 PM",0,10 more to go,0,No,No,No,No,No,No,No,No,No,No
"@April 25, 2025","April 24, 2025 5:11 PM",0,10 more to go,0,No,No,No,No,No,No,No,No,No,No
"@April 26, 2025","April 25, 2025 5:06 PM",0,10 more to go,0,No,No,No,No,No,No,No,No,No,No
"@April 27, 2025","April 26, 2025 5:10 PM",0,10 more to go,0,No,No,No,No,No,No,No,No,No,No
"@April 28, 2025","April 27, 2025 5:06 PM",0,10 more to go,0,No,No,No,No,No,No,No,No,No,No
"@April 29, 2025","April 28, 2025 5:06 PM",0,10 more to go,0,No,No,No,No,No,No,No,No,No,No
"@April 30, 2025","April 29, 2025 5:02 PM",0,10 more to go,0,No,No,No,No,No,No,No,No,No,No
"@May 1, 2025","April 30, 2025 5:03 PM",0,10 more to go,0,No,No,No,No,No,No,No,No,No,No
"@May 2, 2025","May 1, 2025 5:03 PM",0,10 more to go,0,No,No,No,No,No,No,No,No,No,No
"@May 3, 2025","May 2, 2025 5:10 PM",0,10 more to go,0,No,No,No,No,No,No,No,No,No,No
"@May 4, 2025","May 3, 2025 5:06 PM",0,10 more to go,0,No,No,No,No,No,No,No,No,No,No
"@May 5, 2025","May 4, 2025 5:07 PM",0,10 more to go,0,No,No,No,No,No,No,No,No,No,No
"@May 6, 2025","May 5, 2025 5:11 PM",0,10 more to go,0,No,No,No,No,No,No,No,No,No,No
"@May 7, 2025","May 6, 2025 5:09 PM",0,10 more to go,0,No,No,No,No,No,No,No,No,No,No
"@May 8, 2025","May 7, 2025 5:04 PM",0,10 more to go,0,No,No,No,No,No,No,No,No,No,No
"@May 9, 2025","May 8, 2025 5:10 PM",0,10 more to go,0,No,No,No,No,No,No,No,No,No,No
"@May 10, 2025","May 9, 2025 5:12 PM",0,10 more to go,0,No,No,No,No,No,No,No,No,No,No
"@May 11, 2025","May 10, 2025 5:04 PM",0,10 more to go,0,No,No,No,No,No,No,No,No,No,No
"@May 12, 2025","May 11, 2025 5:02 PM",0,10 more to go,0,No,No,No,No,No,No,No,No,No,No
"@May 13, 2025","May 12, 2025 5:06 PM",0,10 more to go,0,No,No,No,No,No,No,No,No,No,No
"@May 14, 2025","May 13, 2025 5:08 PM",0,10 more to go,0,No,No,No,No,No,No,No,No,No,No
"@May 15, 2025","May 14, 2025 5:10 PM",0,10 more to go,0,No,No,No,No,No,No,No,No,No,No
"@May 16, 2025","May 15, 2025 5:02 PM",0,10 more to go,0,No,No,No,No,No,No,No,No,No,No
"@May 17, 2025","May 16, 2025 5:08 PM",0,10 more to go,0,No,No,No,No,No,No,No,No,No,No
"@May 18, 2025","May 17, 2025 5:00 PM",0,10 more to go,0,No,No,No,No,No,No,No,No,No,No
"@May 19, 2025","May 18, 2025 5:05 PM",0,10 more to go,0,No,No,No,No,No,No,No,No,No,No
"@May 20, 2025","May 19, 2025 5:00 PM",0,10 more to go,0,No,No,No,No,No,No,No,No,No,No
"@May 21, 2025","May 20, 2025 5:08 PM",0,10 more to go,0,No,No,No,No,No,No,No,No,No,No
"@May 22, 2025","May 21, 2025 5:06 PM",0,10 more to go,0,No,No,No,No,No,No,No,No,No,No
"@May 23, 2025","May 22, 2025 5:13 PM",0,10 more to go,0,No,No,No,No,No,No,No,No,No,No
"@May 24, 2025","May 23, 2025 5:09 PM",0,10 more to go,0,No,No,No,No,No,No,No,No,No,No
"@May 25, 2025","May 24, 2025 5:08 PM",0,10 more to go,0,No,No,No,No,No,No,No,No,No,No
"@May 26, 2025","May 25, 2025 5:05 PM",0,10 more to go,0,No,No,No,No,No,No,No,No,No,No
"@May 27, 2025","May 26, 2025 5:14 PM",0,10 more to go,0,No,No,No,No,No,No,No,No,No,No
"@May 28, 2025","May 27, 2025 5:10 PM",0,10 more to go,0,No,No,No,No,No,No,No,No,No,No
"@May 29, 2025","May 28, 2025 5:07 PM",0,10 more to go,0,No,No,No,No,No,No,No,No,No,No
"@May 30, 2025","May 29, 2025 5:05 PM",0,10 more to go,0,No,No,No,No,No,No,No,No,No,No
"@May 31, 2025","May 30, 2025 5:09 PM",0,10 more to go,0,No,No,No,No,No,No,No,No,No,No
"@June 1, 2025","May 31, 2025 5:01 PM",0,10 more to go,0,No,No,No,No,No,No,No,No,No,No
"@June 2, 2025","June 1, 2025 5:09 PM",0,10 more to go,0,No,No,No,No,No,No,No,No,No,No
"@June 3, 2025","June 2, 2025 5:12 PM",0,10 more to go,0,No,No,No,No,No,No,No,No,No,No
"@June 4, 2025","June 3, 2025 5:09 PM",0,10 more to go,0,No,No,No,No,No,No,No,No,No,No
"@June 5, 2025","June 4, 2025 5:06 PM",0,10 more to go,0,No,No,No,No,No,No,No,No,No,No
"@June 6, 2025","June 5, 2025 5:02 PM",0,10 more to go,0,No,No,No,No,No,No,No,No,No,No
"@June 7, 2025","June 6, 2025 5:07 PM",0,10 more to go,0,No,No,No,No,No,No,No,No,No,No
"@June 8, 2025","June 7, 2025 5:01 PM",0,10 more to go,0,No,No,No,No,No,No,No,No,No,No
"@June 9, 2025","June 8, 2025 5:06 PM",0,10 more to go,0,No,No,No,No,No,No,No,No,No,No
"@June 10, 2025","June 9, 2025 5:10 PM",0,10 more to go,0,No,No,No,No,No,No,No,No,No,No
"@June 11, 2025","June 10, 2025 5:06 PM",0,10 more to go,0,No,No,No,No,No,No,No,No,No,No
"@June 12, 2025","June 11, 2025 5:10 PM",0,10 more to go,0,No,No,No,No,No,No,No,No,No,No
"@June 13, 2025","June 12, 2025 5:12 PM",0,10 more to go,0,No,No,No,No,No,No,No,No,No,No
"@June 14, 2025","June 13, 2025 5:04 PM",0,10 more to go,0,No,No,No,No,No,No,No,No,No,No
"@June 15, 2025","June 14, 2025 5:01 PM",0,10 more to go,0,No,No,No,No,No,No,No,No,No,No
"@June 16, 2025","June 15, 2025 5:03 PM",0,10 more to go,0,No,No,No,No,No,No,No,No,No,No
"@June 17, 2025","June 16, 2025 5:03 PM",0,10 more to go,0,No,No,No,No,No,No,No,No,No,No
"@June 18, 2025","June 17, 2025 5:12 PM",0,10 more to go,0,No,No,No,No,No,No,No,No,No,No
"@June 19, 2025","June 18, 2025 5:03 PM",0,10 more to go,0,No,No,No,No,No,No,No,No,No,No
"@June 20, 2025","June 19, 2025 5:06 PM",0,10 more to go,0,No,No,No,No,No,No,No,No,No,No
"@June 21, 2025","June 20, 2025 5:07 PM",0,10 more to go,0,No,No,No,No,No,No,No,No,No,No
"@June 22, 2025","June 21, 2025 5:10 PM",0,10 more to go,0,No,No,No,No,No,No,No,No,No,No
"@June 23, 2025","June 22, 2025 5:05 PM",0,10 more to go,0,No,No,No,No,No,No,No,No,No,No
"@June 24, 2025","June 23, 2025 5:03 PM",0,10 more to go,0,No,No,No,No,No,No,No,No,No,No
"@June 25, 2025","June 24, 2025 5:12 PM",0,10 more to go,0,No,No,No,No,No,No,No,No,No,No
"@June 26, 2025","June 25, 2025 5:12 PM",0,10 more to go,0,No,No,No,No,No,No,No,No,No,No
"@June 27, 2025","June 26, 2025 5:09 PM",0,10 more to go,0,No,No,No,No,No,No,No,No,No,No
"@June 28, 2025","June 27, 2025 5:02 PM",0,10 more to go,0,No,No,No,No,No,No,No,No,No,No
"@June 29, 2025","June 28, 2025 5:14 PM",0,10 more to go,0,No,No,No,No,No,No,No,No,No,No
"@June 30, 2025","June 29, 2025 5:13 PM",0,10 more to go,0,No,No,No,No,No,No,No,No,No,No
"@July 1, 2025","June 30, 2025 5:01 PM",0,10 more to go,0,No,No,No,No,No,No,No,No,No,No
"@July 2, 2025","July 1, 2025 5:04 PM",0,10 more to go,0,No,No,No,No,No,No,No,No,No,No
"@July 3, 2025","July 2, 2025 5:14 PM",0,10 more to go,0,No,No,No,No,No,No,No,No,No,No
"@July 4, 2025","July 3, 2025 5:02 PM",0,10 more to go,0,No,No,No,No,No,No,No,No,No,No
"@July 5, 2025","July 4, 2025 5:09 PM",0,10 more to go,0,No,No,No,No,No,No,No,No,No,No
"@July 6, 2025","July 5, 2025 5:11 PM",0,10 more to go,0,No,No,No,No,No,No,No,No,No,No
"@July 7, 2025","July 6, 2025 5:04 PM",0,10 more to go,0,No,No,No,No,No,No,No,No,No,No
"@July 8, 2025","July 7, 2025 5:00 PM",0,10 more to go,0,No,No,No,No,No,No,No,No,No,No
"@July 9, 2025","July 8, 2025 5:09 PM",0,10 more to go,0,No,No,No,No,No,No,No,No,No,No
"@July 10, 2025","July 9, 2025 5:15 PM",0,10 more to go,0,No,No,No,No,No,No,No,No,No,No
"@July 11, 2025","July 10, 2025 5:16 PM",0,10 more to go,0,No,No,No,No,No,No,No,No,No,No
"@July 12, 2025","July 11, 2025 5:05 PM",0,10 more to go,0,No,No,No,No,No,No,No,No,No,No
"@July 13, 2025","July 12, 2025 5:11 PM",0,10 more to go,0,No,No,No,No,No,No,No,No,No,No
"@July 14, 2025","July 13, 2025 5:06 PM",0,10 more to go,0,No,No,No,No,No,No,No,No,No,No
"@July 15, 2025","July 14, 2025 5:16 PM",0,10 more to go,0,No,No,No,No,No,No,No,No,No,No
"@July 16, 2025","July 15, 2025 5:15 PM",0,10 more to go,0,No,No,No,No,No,No,No,No,No,No
"@July 17, 2025","July 16, 2025 5:12 PM",0,10 more to go,0,No,No,No,No,No,No,No,No,No,No
"@July 18, 2025","July 17, 2025 5:11 PM",0,10 more to go,0,No,No,No,No,No,No,No,No,No,No
"@July 19, 2025","July 18, 2025 5:08 PM",0,10 more to go,0,No,No,No,No,No,No,No,No,No,No
"@July 20, 2025","July 19, 2025 5:14 PM",0,10 more to go,0,No,No,No,No,No,No,No,No,No,No
"@July 21, 2025","July 20, 2025 5:01 PM",0,10 more to go,0,No,No,No,No,No,No,No,No,No,No
"@July 22, 2025","July 21, 2025 5:05 PM",0,10 more to go,0,No,No,No,No,No,No,No,No,No,No
"@July 23, 2025","July 22, 2025 5:06 PM",0,10 more to go,0,No,No,No,No,No,No,No,No,No,No
"@July 24, 2025","July 23, 2025 5:08 PM",0,10 more to go,0,No,No,No,No,No,No,No,No,No,No
"@July 25, 2025","July 24, 2025 5:07 PM",0,10 more to go,0,No,No,No,No,No,No,No,No,No,No
"@July 26, 2025","July 25, 2025 5:01 PM",0,10 more to go,0,No,No,No,No,No,No,No,No,No,No
"@July 27, 2025","July 26, 2025 5:11 PM",0,10 more to go,0,No,No,No,No,No,No,No,No,No,No
"@July 28, 2025","July 27, 2025 5:01 PM",0,10 more to go,0,No,No,No,No,No,No,No,No,No,No
"@July 29, 2025","July 28, 2025 5:11 PM",0,10 more to go,0,No,No,No,No,No,No,No,No,No,No
"@July 30, 2025","July 29, 2025 5:06 PM",0,10 more to go,0,No,No,No,No,No,No,No,No,No,No
"@July 31, 2025","July 30, 2025 5:12 PM",0,10 more to go,0,No,No,No,No,No,No,No,No,No,No
"@August 1, 2025","July 31, 2025 5:06 PM",0,10 more to go,0,No,No,No,No,No,No,No,No,No,No
"@August 2, 2025","August 1, 2025 5:09 PM",0,10 more to go,0,No,No,No,No,No,No,No,No,No,No
"@August 3, 2025","August 2, 2025 5:14 PM",0,10 more to go,0,No,No,No,No,No,No,No,No,No,No
"@August 4, 2025","August 3, 2025 5:18 PM",0,10 more to go,0,No,No,No,No,No,No,No,No,No,No
"@August 5, 2025","August 4, 2025 5:01 PM",0,10 more to go,0,No,No,No,No,No,No,No,No,No,No
"@August 6, 2025","August 5, 2025 5:13 PM",0,10 more to go,0,No,No,No,No,No,No,No,No,No,No
"@August 7, 2025","August 6, 2025 5:17 PM",0,10 more to go,0,No,No,No,No,No,No,No,No,No,No
"@August 8, 2025","August 7, 2025 5:15 PM",0,10 more to go,0,No,No,No,No,No,No,No,No,No,No
"@August 9, 2025","August 8, 2025 5:01 PM",0,10 more to go,0,No,No,No,No,No,No,No,No,No,No
"@August 10, 2025","August 9, 2025 5:05 PM",0,10 more to go,0,No,No,No,No,No,No,No,No,No,No
"@August 11, 2025","August 10, 2025 5:07 PM",0,10 more to go,0,No,No,No,No,No,No,No,No,No,No
"@August 12, 2025","August 11, 2025 5:13 PM",0,10 more to go,0,No,No,No,No,No,No,No,No,No,No
"@August 13, 2025","August 12, 2025 5:03 PM",0,10 more to go,0,No,No,No,No,No,No,No,No,No,No
"@August 14, 2025","August 13, 2025 5:04 PM",0,10 more to go,0,No,No,No,No,No,No,No,No,No,No
"@August 15, 2025","August 14, 2025 5:08 PM",0,10 more to go,0,No,No,No,No,No,No,No,No,No,No
"@August 16, 2025","August 15, 2025 5:17 PM",0,10 more to go,0,No,No,No,No,No,No,No,No,No,No
"@August 17, 2025","August 16, 2025 5:01 PM",0,10 more to go,0,No,No,No,No,No,No,No,No,No,No
"@August 18, 2025","August 17, 2025 5:18 PM",0,10 more to go,0,No,No,No,No,No,No,No,No,No,No
"@August 19, 2025","August 18, 2025 5:15 PM",0,10 more to go,0,No,No,No,No,No,No,No,No,No,No
"@August 20, 2025","August 19, 2025 5:13 PM",0,10 more to go,0,No,No,No,No,No,No,No,No,No,No
"@August 21, 2025","August 20, 2025 5:15 PM",0,10 more to go,0,No,No,No,No,No,No,No,No,No,No
"@August 22, 2025","August 21, 2025 5:09 PM",0,10 more to go,0,No,No,No,No,No,No,No,No,No,No
"@August 23, 2025","August 22, 2025 5:01 PM",0,10 more to go,0,No,No,No,No,No,No,No,No,No,No
"@August 24, 2025","August 23, 2025 5:04 PM",0,10 more to go,0,No,No,No,No,No,No,No,No,No,No
"@August 25, 2025","August 24, 2025 5:07 PM",0,10 more to go,0,No,No,No,No,No,No,No,No,No,No
"@August 26, 2025","August 25, 2025 5:02 PM",0,10 more to go,0,No,No,No,No,No,No,No,No,No,No
"@August 27, 2025","August 26, 2025 5:14 PM",0,10 more to go,0,No,No,No,No,No,No,No,No,No,No
"@August 28, 2025","August 27, 2025 5:02 PM",0,10 more to go,0,No,No,No,No,No,No,No,No,No,No
"@August 29, 2025","August 28, 2025 5:11 PM",0,10 more to go,0,No,No,No,No,No,No,No,No,No,No
"@August 30, 2025","August 29, 2025 5:10 PM",0,10 more to go,0,No,No,No,No,No,No,No,No,No,No
"@August 31, 2025","August 30, 2025 5:04 PM",0,10 more to go,0,No,No,No,No,No,No,No,No,No,No
"@September 1, 2025","August 31, 2025 5:08 PM",0,10 more to go,0,No,No,No,No,No,No,No,No,No,No
"@September 2, 2025","September 1, 2025 5:06 PM",0,10 more to go,0,No,No,No,No,No,No,No,No,No,No
"@September 3, 2025","September 2, 2025 5:19 PM",0,10 more to go,0,No,No,No,No,No,No,No,No,No,No
"@September 4, 2025","September 3, 2025 5:08 PM",0,10 more to go,0,No,No,No,No,No,No,No,No,No,No
"@September 5, 2025","September 4, 2025 5:06 PM",0,10 more to go,0,No,No,No,No,No,No,No,No,No,No
"@September 6, 2025","September 5, 2025 5:03 PM",0,10 more to go,0,No,No,No,No,No,No,No,No,No,No
"@September 7, 2025","September 6, 2025 5:17 PM",0,10 more to go,0,No,No,No,No,No,No,No,No,No,No
"@September 8, 2025","September 7, 2025 5:00 PM",0,10 more to go,0,No,No,No,No,No,No,No,No,No,No
"@September 9, 2025","September 8, 2025 5:03 PM",0,10 more to go,0,No,No,No,No,No,No,No,No,No,No
"@September 10, 2025","September 9, 2025 5:03 PM",0,10 more to go,0,No,No,No,No,No,No,No,No,No,No
"@September 11, 2025","September 10, 2025 5:09 PM",0,10 more to go,0,No,No,No,No,No,No,No,No,No,No
"@September 12, 2025","September 11, 2025 5:07 PM",0,10 more to go,0,No,No,No,No,No,No,No,No,No,No
"@September 13, 2025","September 12, 2025 5:17 PM",0,10 more to go,0,No,No,No,No,No,No,No,No,No,No
"@September 14, 2025","September 13, 2025 5:11 PM",0,10 more to go,0,No,No,No,No,No,No,No,No,No,No
"@September 15, 2025","September 14, 2025 5:09 PM",0,10 more to go,0,No,No,No,No,No,No,No,No,No,No
"@September 16, 2025","September 15, 2025 5:14 PM",0,10 more to go,0,No,No,No,No,No,No,No,No,No,No
"@September 17, 2025","September 16, 2025 5:03 PM",0,10 more to go,0,No,No,No,No,No,No,No,No,No,No
"@September 18, 2025","September 17, 2025 5:13 PM",0,10 more to go,0,No,No,No,No,No,No,No,No,No,No
"@September 19, 2025","September 18, 2025 5:17 PM",0,10 more to go,0,No,No,No,No,No,No,No,No,No,No
"@September 20, 2025","September 19, 2025 5:06 PM",0,10 more to go,0,No,No,No,No,No,No,No,No,No,No
"@September 21, 2025","September 20, 2025 5:08 PM",0,10 more to go,0,No,No,No,No,No,No,No,No,No,No
"@September 22, 2025","September 21, 2025 5:12 PM",0,10 more to go,0,No,No,No,No,No,No,No,No,No,No
"@September 23, 2025","September 22, 2025 5:04 PM",0,10 more to go,0,No,No,No,No,No,No,No,No,No,No
"@September 24, 2025","September 23, 2025 5:15 PM",0,10 more to go,0,No,No,No,No,No,No,No,No,No,No
"@September 25, 2025","September 24, 2025 5:11 PM",0,10 more to go,0,No,No,No,No,No,No,No,No,No,No
"@September 26, 2025","September 25, 2025 5:07 PM",0,10 more to go,0,No,No,No,No,No,No,No,No,No,No
"@September 27, 2025","September 26, 2025 5:00 PM",0,10 more to go,0,No,No,No,No,No,No,No,No,No,No
"@September 28, 2025","September 27, 2025 5:07 PM",0,10 more to go,0,No,No,No,No,No,No,No,No,No,No
"@September 29, 2025","September 28, 2025 5:02 PM",0,10 more to go,0,No,No,No,No,No,No,No,No,No,No
"@September 30, 2025","September 29, 2025 5:19 PM",0,10 more to go,0,No,No,No,No,No,No,No,No,No,No
"@October 1, 2025","September 30, 2025 5:17 PM",0,10 more to go,0,No,No,No,No,No,No,No,No,No,No
"@October 2, 2025","October 1, 2025 5:09 PM",0,10 more to go,0,No,No,No,No,No,No,No,No,No,No
"@October 3, 2025","October 2, 2025 5:16 PM",0,10 more to go,0,No,No,No,No,No,No,No,No,No,No
"@October 4, 2025","October 3, 2025 5:00 PM",0,10 more to go,0,No,No,No,No,No,No,No,No,No,No
"@October 5, 2025","October 4, 2025 5:04 PM",0,10 more to go,0,No,No,No,No,No,No,No,No,No,No
"@October 6, 2025","October 5, 2025 5:19 PM",0,10 more to go,0,No,No,No,No,No,No,No,No,No,No
"@October 7, 2025","October 6, 2025 5:14 PM",0,10 more to go,0,No,No,No,No,No,No,No,No,No,No
"@October 8, 2025","October 7, 2025 5:03 PM",0,10 more to go,0,No,No,No,No,No,No,No,No,No,No
"@October 9, 2025","October 8, 2025 5:11 PM",0,10 more to go,0,No,No,No,No,No,No,No,No,No,No
"@October 10, 2025","October 9, 2025 5:02 PM",0,10 more to go,0,No,No,No,No,No,No,No,No,No,No
"@October 11, 2025","October 10, 2025 5:08 PM",0,10 more to go,0,No,No,No,No,No,No,No,No,No,No
"@October 12, 2025","October 11, 2025 5:08 PM",0,10 more to go,0,No,No,No,No,No,No,No,No,No,No
"@October 13, 2025","October 12, 2025 5:02 PM",0,10 more to go,0,No,No,No,No,No,No,No,No,No,No
"@October 14, 2025","October 13, 2025 5:14 PM",0,10 more to go,0,No,No,No,No,No,No,No,No,No,No
"@October 15, 2025","October 14, 2025 5:05 PM",0,10 more to go,0,No,No,No,No,No,No,No,No,No,No
"@October 16, 2025","October 15, 2025 5:05 PM",0,10 more to go,0,No,No,No,No,No,No,No,No,No,No